tar_name,filepath,hash
p3_hourly_timeseries_png_657ebde5,3_visualize/out/hourly_timeseries_png/hourly_data_01413500.png,7f4d75aeda93d052
p3_hourly_timeseries_png_6f631b3c,3_visualize/out/hourly_timeseries_png/hourly_data_01414500.png,10fe30dc60fd752e
p3_hourly_timeseries_png_7c2ce8a1,3_visualize/out/hourly_timeseries_png/hourly_data_01415000.png,eaf44d7b78d92163
p3_hourly_timeseries_png_f4de2e86,3_visualize/out/hourly_timeseries_png/hourly_data_01423000.png,cd07fd7aad22bdab
p3_hourly_timeseries_png_7686123a,3_visualize/out/hourly_timeseries_png/hourly_data_01427207.png,9530582c1a822074
p3_hourly_timeseries_png_7d88748b,3_visualize/out/hourly_timeseries_png/hourly_data_01427510.png,9c64c811e466b91d
p3_hourly_timeseries_png_759eb981,3_visualize/out/hourly_timeseries_png/hourly_data_01432160.png,6a0e0ef43ef18519
p3_hourly_timeseries_png_45d05e2e,3_visualize/out/hourly_timeseries_png/hourly_data_01433005.png,1ce5ea2b8beff7fa
p3_hourly_timeseries_png_84877f65,3_visualize/out/hourly_timeseries_png/hourly_data_01433500.png,d526d32404636774
p3_hourly_timeseries_png_69084a0d,3_visualize/out/hourly_timeseries_png/hourly_data_01434000.png,3b9be86519189625
p3_hourly_timeseries_png_9e3da99f,3_visualize/out/hourly_timeseries_png/hourly_data_0143400680.png,659959de5cbfaa51
p3_hourly_timeseries_png_e2c39bf0,3_visualize/out/hourly_timeseries_png/hourly_data_01434017.png,cac9245b86b248da
p3_hourly_timeseries_png_9bd142b1,3_visualize/out/hourly_timeseries_png/hourly_data_01434021.png,5fadd41a348e35d5
p3_hourly_timeseries_png_839e1aca,3_visualize/out/hourly_timeseries_png/hourly_data_01434025.png,936ec057b69ced8c
p3_hourly_timeseries_png_4ef33ff6,3_visualize/out/hourly_timeseries_png/hourly_data_01434498.png,23ebc5c511d836ea
p3_hourly_timeseries_png_42465641,3_visualize/out/hourly_timeseries_png/hourly_data_01435000.png,9b838ad25e4c65d8
p3_hourly_timeseries_png_771f1bb6,3_visualize/out/hourly_timeseries_png/hourly_data_01436000.png,5d8ccf0dfb3f0d37
p3_hourly_timeseries_png_08b5b29f,3_visualize/out/hourly_timeseries_png/hourly_data_01436655.png,8f5445fad27e80fd
p3_hourly_timeseries_png_b0881515,3_visualize/out/hourly_timeseries_png/hourly_data_01436690.png,e163b7cf04b453f2
p3_hourly_timeseries_png_1325b89a,3_visualize/out/hourly_timeseries_png/hourly_data_01437100.png,71001e52e0613603
p3_hourly_timeseries_png_754fc986,3_visualize/out/hourly_timeseries_png/hourly_data_01437349.png,dc37d1b947e30dcb
p3_hourly_timeseries_png_6ffc7297,3_visualize/out/hourly_timeseries_png/hourly_data_01437400.png,417e87d97cd1b7d0
p3_hourly_timeseries_png_b327b900,3_visualize/out/hourly_timeseries_png/hourly_data_01437500.png,eecede9d99d90253
p3_hourly_timeseries_png_8502d3d5,3_visualize/out/hourly_timeseries_png/hourly_data_01438500.png,113b058db69fd32e
p3_hourly_timeseries_png_f9909bd2,3_visualize/out/hourly_timeseries_png/hourly_data_01439500.png,8fd01aae83a766a4
p3_hourly_timeseries_png_a8de0886,3_visualize/out/hourly_timeseries_png/hourly_data_01440000.png,0f9832f28ac234db
p3_hourly_timeseries_png_5518dffe,3_visualize/out/hourly_timeseries_png/hourly_data_01440400.png,9479497b836ff716
p3_hourly_timeseries_png_caab8d2f,3_visualize/out/hourly_timeseries_png/hourly_data_01443500.png,8603efbea2bbc8cc
p3_hourly_timeseries_png_aca9ccf7,3_visualize/out/hourly_timeseries_png/hourly_data_01446500.png,1ffab7e82091bb58
p3_hourly_timeseries_png_2e77e30d,3_visualize/out/hourly_timeseries_png/hourly_data_01451380.png,94b7a03bff20d455
p3_hourly_timeseries_png_a501ab78,3_visualize/out/hourly_timeseries_png/hourly_data_01451400.png,80bbc15b89156341
p3_hourly_timeseries_png_9c076d05,3_visualize/out/hourly_timeseries_png/hourly_data_01451467.png,1f15f560929dee03
p3_hourly_timeseries_png_e3e77598,3_visualize/out/hourly_timeseries_png/hourly_data_01451500.png,dc25ad0eb0cb31e3
p3_hourly_timeseries_png_e76197fa,3_visualize/out/hourly_timeseries_png/hourly_data_01451630.png,e9147416704d1ce9
p3_hourly_timeseries_png_d023a5de,3_visualize/out/hourly_timeseries_png/hourly_data_01451650.png,55bed595cf2f31f7
p3_hourly_timeseries_png_09e43438,3_visualize/out/hourly_timeseries_png/hourly_data_01451800.png,bcd12e4acb46bf85
p3_hourly_timeseries_png_f811a404,3_visualize/out/hourly_timeseries_png/hourly_data_01454700.png,2d7868da610abb26
p3_hourly_timeseries_png_18a8e57e,3_visualize/out/hourly_timeseries_png/hourly_data_01458500.png,965aacd11c430354
p3_hourly_timeseries_png_9a6e32fa,3_visualize/out/hourly_timeseries_png/hourly_data_01463500.png,3d3d17674108d04b
p3_hourly_timeseries_png_d193d179,3_visualize/out/hourly_timeseries_png/hourly_data_01464290.png,c24edae4dbb66771
p3_hourly_timeseries_png_102cf8bc,3_visualize/out/hourly_timeseries_png/hourly_data_01464500.png,64b56d3af1e84336
p3_hourly_timeseries_png_77c2d2a4,3_visualize/out/hourly_timeseries_png/hourly_data_01465500.png,4d8dd3d97d6b9cdb
p3_hourly_timeseries_png_a4fade05,3_visualize/out/hourly_timeseries_png/hourly_data_01465798.png,76f4dce8b5159702
p3_hourly_timeseries_png_69f7d7af,3_visualize/out/hourly_timeseries_png/hourly_data_01465850.png,4ad0bc1e91af773b
p3_hourly_timeseries_png_9aa840bf,3_visualize/out/hourly_timeseries_png/hourly_data_0146587310.png,2901b120873e8d5b
p3_hourly_timeseries_png_b7fcdfe2,3_visualize/out/hourly_timeseries_png/hourly_data_01465880.png,f5002033276a15ab
p3_hourly_timeseries_png_d9605f98,3_visualize/out/hourly_timeseries_png/hourly_data_01466500.png,8809b2b5c701c7a1
p3_hourly_timeseries_png_1c149d56,3_visualize/out/hourly_timeseries_png/hourly_data_01466900.png,be984828030e4c9f
p3_hourly_timeseries_png_232be281,3_visualize/out/hourly_timeseries_png/hourly_data_01467000.png,435043012e2f0525
p3_hourly_timeseries_png_c647a986,3_visualize/out/hourly_timeseries_png/hourly_data_01467005.png,58d9857014290f3b
p3_hourly_timeseries_png_cba570cd,3_visualize/out/hourly_timeseries_png/hourly_data_014670261.png,01ca1309c83430fc
p3_hourly_timeseries_png_4ebbbef4,3_visualize/out/hourly_timeseries_png/hourly_data_01467042.png,8c31903ee6dde7bc
p3_hourly_timeseries_png_7c00f611,3_visualize/out/hourly_timeseries_png/hourly_data_01467048.png,5f51618625fcfcb6
p3_hourly_timeseries_png_2a458669,3_visualize/out/hourly_timeseries_png/hourly_data_01467081.png,538b852e170bf0be
p3_hourly_timeseries_png_ab5f4b0b,3_visualize/out/hourly_timeseries_png/hourly_data_01467086.png,4e030755f935f344
p3_hourly_timeseries_png_b443502f,3_visualize/out/hourly_timeseries_png/hourly_data_01467087.png,1f3f652f04e40b97
p3_hourly_timeseries_png_480962a4,3_visualize/out/hourly_timeseries_png/hourly_data_01467150.png,07841b498bfd9997
p3_hourly_timeseries_png_5fb0f859,3_visualize/out/hourly_timeseries_png/hourly_data_01467200.png,ac2ddab59dbc669b
p3_hourly_timeseries_png_4f52de59,3_visualize/out/hourly_timeseries_png/hourly_data_01468500.png,5414a32d19beaee9
p3_hourly_timeseries_png_34b55b11,3_visualize/out/hourly_timeseries_png/hourly_data_01473000.png,7d135492fc4f981f
p3_hourly_timeseries_png_0724de7f,3_visualize/out/hourly_timeseries_png/hourly_data_01473169.png,f2b72476dff59a4a
p3_hourly_timeseries_png_dcb90971,3_visualize/out/hourly_timeseries_png/hourly_data_01473500.png,e70efb0db7b597df
p3_hourly_timeseries_png_f40ca54c,3_visualize/out/hourly_timeseries_png/hourly_data_01473900.png,724deb643d2fa16e
p3_hourly_timeseries_png_a287f8c0,3_visualize/out/hourly_timeseries_png/hourly_data_01474000.png,74c598bf829aad7d
p3_hourly_timeseries_png_ce5cb161,3_visualize/out/hourly_timeseries_png/hourly_data_01474500.png,549c774c56427fb8
p3_hourly_timeseries_png_4385e79a,3_visualize/out/hourly_timeseries_png/hourly_data_01474703.png,f8a718049beecd5d
p3_hourly_timeseries_png_f97fcd34,3_visualize/out/hourly_timeseries_png/hourly_data_01475510.png,741b1a22ae5cd88c
p3_hourly_timeseries_png_c6dd66b5,3_visualize/out/hourly_timeseries_png/hourly_data_01475530.png,0a8594cb4ead10f1
p3_hourly_timeseries_png_90c6ac98,3_visualize/out/hourly_timeseries_png/hourly_data_01475548.png,217812666c22e58d
p3_hourly_timeseries_png_f56740b8,3_visualize/out/hourly_timeseries_png/hourly_data_01475553.png,bf4c410bc4081fa9
p3_hourly_timeseries_png_2a9d0b39,3_visualize/out/hourly_timeseries_png/hourly_data_01477050.png,d3ae7d524aaa7728
p3_hourly_timeseries_png_b81ac69e,3_visualize/out/hourly_timeseries_png/hourly_data_01477070.png,7f4e9571586414f8
p3_hourly_timeseries_png_6c15b157,3_visualize/out/hourly_timeseries_png/hourly_data_01477120.png,ab72298979e2a18b
p3_hourly_timeseries_png_8dc35e95,3_visualize/out/hourly_timeseries_png/hourly_data_01478000.png,6c8a19378adee0ef
p3_hourly_timeseries_png_dd9dd902,3_visualize/out/hourly_timeseries_png/hourly_data_01478100.png,548483454b8274a4
p3_hourly_timeseries_png_2c4283f5,3_visualize/out/hourly_timeseries_png/hourly_data_01478120.png,bd2f2768163730b7
p3_hourly_timeseries_png_485f18b5,3_visualize/out/hourly_timeseries_png/hourly_data_01478137.png,d17e44340eea54a2
p3_hourly_timeseries_png_8fff9a0c,3_visualize/out/hourly_timeseries_png/hourly_data_01478185.png,a3278d0dc0244298
p3_hourly_timeseries_png_c383492e,3_visualize/out/hourly_timeseries_png/hourly_data_01478220.png,bebd08966f589dcc
p3_hourly_timeseries_png_8ed1cce8,3_visualize/out/hourly_timeseries_png/hourly_data_01478245.png,8bb0eed85d698df3
p3_hourly_timeseries_png_0435494a,3_visualize/out/hourly_timeseries_png/hourly_data_01478650.png,6a6596c2b9569f99
p3_hourly_timeseries_png_2bb8f8aa,3_visualize/out/hourly_timeseries_png/hourly_data_01478950.png,e5187db87fe5e612
p3_hourly_timeseries_png_7552fefa,3_visualize/out/hourly_timeseries_png/hourly_data_01479000.png,7e1c0a8e12e22941
p3_hourly_timeseries_png_0ec4f513,3_visualize/out/hourly_timeseries_png/hourly_data_01480000.png,c15d53e8d19a3812
p3_hourly_timeseries_png_79f9bc65,3_visualize/out/hourly_timeseries_png/hourly_data_01480025.png,fd41224ecb69afe3
p3_hourly_timeseries_png_181fc698,3_visualize/out/hourly_timeseries_png/hourly_data_01480617.png,3a387662607bc58b
p3_hourly_timeseries_png_6952d0da,3_visualize/out/hourly_timeseries_png/hourly_data_01480870.png,8b1be5c1b0aca511
p3_hourly_timeseries_png_25804543,3_visualize/out/hourly_timeseries_png/hourly_data_01481000.png,5433d2638e251814
p3_hourly_timeseries_png_3b80a4e2,3_visualize/out/hourly_timeseries_png/hourly_data_01481500.png,6c9ce5f2a6eff97b
p3_hourly_timeseries_png_33947461,3_visualize/out/hourly_timeseries_png/hourly_data_01482504.png,50b0d617a9dd08c0
p3_hourly_timeseries_png_619815ac,3_visualize/out/hourly_timeseries_png/hourly_data_01482537.png,37e02921ee9ce61f
p3_hourly_timeseries_png_9a11309f,3_visualize/out/hourly_timeseries_png/hourly_data_01483155.png,6c56bc76cf124563
p3_hourly_timeseries_png_8fa444cf,3_visualize/out/hourly_timeseries_png/hourly_data_01483700.png,eac3e7023377e236
p3_hourly_timeseries_png_cf024855,3_visualize/out/hourly_timeseries_png/hourly_data_01484100.png,2eead87e92867170
p3_hourly_timeseries_png_ebf78045,3_visualize/out/hourly_timeseries_png/hourly_data_403447075331801.png,b17afc50e1c16e3e
